﻿{"cameraMode":{"drawMode":0,"name":"Shaded","section":"Shading Mode"},"sceneLighting":true,"audioPlay":false,"sceneViewState":{"showFog":true,"showMaterialUpdate":false,"showSkybox":true,"showFlares":true,"showImageEffects":true,"showParticleSystems":true},"in2DMode":false,"pivot":{"x":-0.5614542961120606,"y":3.4942400455474855,"z":-1.335402488708496},"rotation":{"x":-0.006444505415856838,"y":0.9358457326889038,"z":-0.017136991024017335,"w":-0.3519340455532074},"size":10.0,"orthographic":false}